cycle,temperature,vibration,current,rpm,health_score,status,recommendation,faults
1,52.48,1.36,3.89,1484.17,100,NORMAL,Continue normal operation,None
2,50.6,1.33,3.94,1474.08,100,NORMAL,Continue normal operation,None
3,55.56,1.64,4.37,1479.63,100,NORMAL,Continue normal operation,None
4,54.16,2.28,4.02,1463.6,100,NORMAL,Continue normal operation,None
5,57.61,2.01,4.44,1463.91,100,NORMAL,Continue normal operation,None
6,54.73,2.04,4.09,1458.4,100,NORMAL,Continue normal operation,None
7,55.69,2.39,4.18,1469.55,100,NORMAL,Continue normal operation,None
8,57.65,2.77,4.46,1452.86,100,NORMAL,Continue normal operation,None
9,61.05,2.87,4.57,1447.91,100,NORMAL,Continue normal operation,None
10,61.04,2.46,4.56,1458.3,100,NORMAL,Continue normal operation,None
11,58.67,3.0,5.25,1431.94,100,NORMAL,Continue normal operation,None
12,59.56,2.88,4.93,1434.44,100,NORMAL,Continue normal operation,None
13,61.12,2.99,5.21,1439.54,100,NORMAL,Continue normal operation,None
14,63.4,3.56,5.47,1420.2,85,NORMAL,Continue normal operation,None
15,67.46,3.82,5.2,1429.64,70,WARNING,Schedule maintenance inspection,None
16,64.64,3.32,5.1,1412.96,85,NORMAL,Continue normal operation,None
17,67.26,3.52,5.21,1435.06,70,WARNING,Schedule maintenance inspection,None
18,69.49,4.33,5.6,1422.28,60,WARNING,Schedule maintenance inspection,None
19,69.48,4.36,5.57,1409.69,60,WARNING,Schedule maintenance inspection,None
20,75.85,4.54,6.1,1427.02,60,WARNING,Schedule maintenance inspection,"WARNING: HIGH TEMPERATURE, WARNING: HIGH VIBRATION, WARNING: HIGH CURRENT"
21,76.17,4.09,6.06,1407.79,60,WARNING,Schedule maintenance inspection,"WARNING: HIGH TEMPERATURE, WARNING: HIGH CURRENT"
22,72.83,4.9,6.18,1420.69,60,WARNING,Schedule maintenance inspection,"WARNING: HIGH TEMPERATURE, WARNING: HIGH VIBRATION, WARNING: HIGH CURRENT"
23,74.98,4.39,5.82,1417.11,60,WARNING,Schedule maintenance inspection,WARNING: HIGH TEMPERATURE
24,76.63,4.99,6.09,1408.73,60,WARNING,Schedule maintenance inspection,"WARNING: HIGH TEMPERATURE, WARNING: HIGH VIBRATION, WARNING: HIGH CURRENT"
25,78.32,4.78,6.2,1396.62,50,WARNING,Schedule maintenance inspection,"WARNING: HIGH TEMPERATURE, WARNING: HIGH VIBRATION, WARNING: HIGH CURRENT"
26,79.79,4.85,6.5,1377.9,50,WARNING,Schedule maintenance inspection,"WARNING: HIGH TEMPERATURE, WARNING: HIGH VIBRATION, WARNING: HIGH CURRENT"
27,79.19,5.18,6.76,1388.35,35,CRITICAL,Stop machine and perform maintenance,"WARNING: HIGH TEMPERATURE, WARNING: HIGH VIBRATION, WARNING: HIGH CURRENT"
28,80.55,5.82,6.43,1382.95,20,CRITICAL,Stop machine and perform maintenance,"CRITICAL: OVER TEMPERATURE, WARNING: HIGH VIBRATION, WARNING: HIGH CURRENT"
29,79.94,5.47,6.3,1394.28,35,CRITICAL,Stop machine and perform maintenance,"WARNING: HIGH TEMPERATURE, WARNING: HIGH VIBRATION, WARNING: HIGH CURRENT"
30,86.13,5.94,6.58,1380.26,20,CRITICAL,Stop machine and perform maintenance,"CRITICAL: OVER TEMPERATURE, WARNING: HIGH VIBRATION, WARNING: HIGH CURRENT"
